compound_name,formula,molecular_formula,source_compound_id,description,inchikey,rank_group,is_tied
gln-cys-tyr-gly,C19H27N5O7S,C19H27N5O7S,CSID16625927,gln-cys-tyr-gly,,3,True
gln-gly-cys-tyr,C19H27N5O7S,C19H27N5O7S,CSID16626857,gln-gly-cys-tyr,,3,True
asn-cys-ser-phe,C19H27N5O7S,C19H27N5O7S,CSID16593947,asn-cys-ser-phe,,1,True
asn-ser-cys-phe,C19H27N5O7S,C19H27N5O7S,CSID16598125,asn-ser-cys-phe,,1,True
cys-asn-ser-phe,C19H27N5O7S,C19H27N5O7S,CSID16609128,cys-asn-ser-phe,,1,True
cys-ser-asn-phe,C19H27N5O7S,C19H27N5O7S,CSID16614062,cys-ser-asn-phe,,1,True
phe-asn-cys-ser,C19H27N5O7S,C19H27N5O7S,CSID16680667,phe-asn-cys-ser,,1,True
phe-asn-ser-cys,C19H27N5O7S,C19H27N5O7S,CSID16680876,phe-asn-ser-cys,,1,True
phe-cys-asn-ser,C19H27N5O7S,C19H27N5O7S,CSID16681427,phe-cys-asn-ser,,1,True
phe-cys-ser-asn,C19H27N5O7S,C19H27N5O7S,CSID16681674,phe-cys-ser-asn,,1,True
phe-ser-asn-cys,C19H27N5O7S,C19H27N5O7S,CSID16685784,phe-ser-asn-cys,,1,True
phe-ser-cys-asn,C19H27N5O7S,C19H27N5O7S,CSID16685822,phe-ser-cys-asn,,1,True
ser-asn-cys-phe,C19H27N5O7S,C19H27N5O7S,CSID16696604,ser-asn-cys-phe,,1,True
ser-cys-asn-phe,C19H27N5O7S,C19H27N5O7S,CSID16697362,ser-cys-asn-phe,,1,True
tyr-ala-asn-cys,C19H27N5O7S,C19H27N5O7S,CSID16719733,tyr-ala-asn-cys,,2,True
tyr-ala-cys-asn,C19H27N5O7S,C19H27N5O7S,CSID16719771,tyr-ala-cys-asn,,2,True
tyr-asn-ala-cys,C19H27N5O7S,C19H27N5O7S,CSID16720484,tyr-asn-ala-cys,,2,True
tyr-asn-cys-ala,C19H27N5O7S,C19H27N5O7S,CSID16720560,tyr-asn-cys-ala,,2,True
tyr-cys-ala-asn,C19H27N5O7S,C19H27N5O7S,CSID16721281,tyr-cys-ala-asn,,2,True
tyr-cys-asn-ala,C19H27N5O7S,C19H27N5O7S,CSID16721319,tyr-cys-asn-ala,,2,True
tyr-cys-gln-gly,C19H27N5O7S,C19H27N5O7S,CSID16721405,tyr-cys-gln-gly,,2,True
tyr-cys-gly-gln,C19H27N5O7S,C19H27N5O7S,CSID16721424,tyr-cys-gly-gln,,2,True
tyr-gln-cys-gly,C19H27N5O7S,C19H27N5O7S,CSID16722163,tyr-gln-cys-gly,,2,True
tyr-gln-gly-cys,C19H27N5O7S,C19H27N5O7S,CSID16722220,tyr-gln-gly-cys,,2,True
tyr-gly-cys-gln,C19H27N5O7S,C19H27N5O7S,CSID16722561,tyr-gly-cys-gln,,2,True
tyr-gly-gln-cys,C19H27N5O7S,C19H27N5O7S,CSID16722599,tyr-gly-gln-cys,,2,True
ala-asn-cys-tyr,C19H27N5O7S,C19H27N5O7S,CSID16576997,ala-asn-cys-tyr,,3,True
ala-asn-tyr-cys,C19H27N5O7S,C19H27N5O7S,CSID16577263,ala-asn-tyr-cys,,3,True
ala-cys-asn-tyr,C19H27N5O7S,C19H27N5O7S,CSID16577757,ala-cys-asn-tyr,,3,True
ala-cys-tyr-asn,C19H27N5O7S,C19H27N5O7S,CSID16578061,ala-cys-tyr-asn,,3,True
ala-tyr-asn-cys,C19H27N5O7S,C19H27N5O7S,CSID16583315,ala-tyr-asn-cys,,3,True
ala-tyr-cys-asn,C19H27N5O7S,C19H27N5O7S,CSID16583353,ala-tyr-cys-asn,,3,True
asn-ala-cys-tyr,C19H27N5O7S,C19H27N5O7S,CSID16592133,asn-ala-cys-tyr,,3,True
asn-ala-tyr-cys,C19H27N5O7S,C19H27N5O7S,CSID16592399,asn-ala-tyr-cys,,3,True
asn-cys-ala-tyr,C19H27N5O7S,C19H27N5O7S,CSID16593652,asn-cys-ala-tyr,,3,True
asn-cys-phe-ser,C19H27N5O7S,C19H27N5O7S,CSID16593909,asn-cys-phe-ser,,3,True
asn-cys-tyr-ala,C19H27N5O7S,C19H27N5O7S,CSID16593994,asn-cys-tyr-ala,,3,True
asn-phe-cys-ser,C19H27N5O7S,C19H27N5O7S,CSID16597327,asn-phe-cys-ser,,3,True
asn-phe-ser-cys,C19H27N5O7S,C19H27N5O7S,CSID16597536,asn-phe-ser-cys,,3,True
asn-ser-phe-cys,C19H27N5O7S,C19H27N5O7S,CSID16598296,asn-ser-phe-cys,,3,True
asn-tyr-ala-cys,C19H27N5O7S,C19H27N5O7S,CSID16599235,asn-tyr-ala-cys,,3,True
asn-tyr-cys-ala,C19H27N5O7S,C19H27N5O7S,CSID16599311,asn-tyr-cys-ala,,3,True
cys-ala-asn-tyr,C19H27N5O7S,C19H27N5O7S,CSID16608075,cys-ala-asn-tyr,,3,True
cys-ala-tyr-asn,C19H27N5O7S,C19H27N5O7S,CSID16608378,cys-ala-tyr-asn,,3,True
cys-asn-ala-tyr,C19H27N5O7S,C19H27N5O7S,CSID16608834,cys-asn-ala-tyr,,3,True
cys-asn-phe-ser,C19H27N5O7S,C19H27N5O7S,CSID16609090,cys-asn-phe-ser,,3,True
cys-asn-tyr-ala,C19H27N5O7S,C19H27N5O7S,CSID16609175,cys-asn-tyr-ala,,3,True
cys-gln-gly-tyr,C19H27N5O7S,C19H27N5O7S,CSID16610573,cys-gln-gly-tyr,,3,True
cys-gln-tyr-gly,C19H27N5O7S,C19H27N5O7S,CSID16610782,cys-gln-tyr-gly,,3,True
cys-gly-gln-tyr,C19H27N5O7S,C19H27N5O7S,CSID16610953,cys-gly-gln-tyr,,3,True
cys-gly-tyr-gln,C19H27N5O7S,C19H27N5O7S,CSID16611177,cys-gly-tyr-gln,,3,True
cys-phe-asn-ser,C19H27N5O7S,C19H27N5O7S,CSID16613265,cys-phe-asn-ser,,3,True
cys-phe-ser-asn,C19H27N5O7S,C19H27N5O7S,CSID16613512,cys-phe-ser-asn,,3,True
cys-ser-phe-asn,C19H27N5O7S,C19H27N5O7S,CSID16614271,cys-ser-phe-asn,,3,True
cys-tyr-ala-asn,C19H27N5O7S,C19H27N5O7S,CSID16615209,cys-tyr-ala-asn,,3,True
cys-tyr-asn-ala,C19H27N5O7S,C19H27N5O7S,CSID16615247,cys-tyr-asn-ala,,3,True
cys-tyr-gln-gly,C19H27N5O7S,C19H27N5O7S,CSID16615333,cys-tyr-gln-gly,,3,True
cys-tyr-gly-gln,C19H27N5O7S,C19H27N5O7S,CSID16615352,cys-tyr-gly-gln,,3,True
gln-cys-gly-tyr,C19H27N5O7S,C19H27N5O7S,CSID16625718,gln-cys-gly-tyr,,3,True
gln-gly-tyr-cys,C19H27N5O7S,C19H27N5O7S,CSID16627122,gln-gly-tyr-cys,,3,True
gln-tyr-cys-gly,C19H27N5O7S,C19H27N5O7S,CSID16631243,gln-tyr-cys-gly,,3,True
gln-tyr-gly-cys,C19H27N5O7S,C19H27N5O7S,CSID16631300,gln-tyr-gly-cys,,3,True
gly-cys-gln-tyr,C19H27N5O7S,C19H27N5O7S,CSID16633688,gly-cys-gln-tyr,,3,True
gly-cys-tyr-gln,C19H27N5O7S,C19H27N5O7S,CSID16633916,gly-cys-tyr-gln,,3,True
gly-gln-cys-tyr,C19H27N5O7S,C19H27N5O7S,CSID16634441,gly-gln-cys-tyr,,3,True
gly-gln-tyr-cys,C19H27N5O7S,C19H27N5O7S,CSID16634704,gly-gln-tyr-cys,,3,True
gly-tyr-cys-gln,C19H27N5O7S,C19H27N5O7S,CSID16639172,gly-tyr-cys-gln,,3,True
gly-tyr-gln-cys,C19H27N5O7S,C19H27N5O7S,CSID16639210,gly-tyr-gln-cys,,3,True
ser-asn-phe-cys,C19H27N5O7S,C19H27N5O7S,CSID16696775,ser-asn-phe-cys,,3,True
ser-cys-phe-asn,C19H27N5O7S,C19H27N5O7S,CSID16697571,ser-cys-phe-asn,,3,True
ser-phe-asn-cys,C19H27N5O7S,C19H27N5O7S,CSID16700952,ser-phe-asn-cys,,3,True
ser-phe-cys-asn,C19H27N5O7S,C19H27N5O7S,CSID16700990,ser-phe-cys-asn,,3,True
"(5R,6S)-6-[(1R)-1-Hydroxyethyl]-3-{7-[(3-methyl-1H-imidazol-3-ium-1-yl)methyl]-9-oxo-9H-fluoren-3-yl}-7-oxo-1-azabicyclo[3.2.0]hept-2-ene-2-carboxylate",C27H23N3O5,C27H23N3O5,CSID8066503,"(5R,6S)-6-[(1R)-1-Hydroxyethyl]-3-{7-[(3-methyl-1H-imidazol-3-ium-1-yl)methyl]-9-oxo-9H-fluoren-3-yl}-7-oxo-1-azabicyclo[3.2.0]hept-2-ene-2-carboxylate",,4,False
[1-[5-(1H-pyrazol-5-yl)furan-2-yl]sulfonylpiperidin-4-yl]-(4-pyridin-2-ylpiperazin-1-yl)methanone,C22H25N6O4S,C22H25N6O4S,997195,[1-[5-(1H-pyrazol-5-yl)furan-2-yl]sulfonylpiperidin-4-yl]-(4-pyridin-2-ylpiperazin-1-yl)methanone,,5,False
[1-[5-(1H-pyrazol-5-yl)furan-2-yl]sulfonylpiperidin-3-yl]-(4-pyridin-2-ylpiperazin-1-yl)methanone,C22H25N6O4S,C22H25N6O4S,1028106,[1-[5-(1H-pyrazol-5-yl)furan-2-yl]sulfonylpiperidin-3-yl]-(4-pyridin-2-ylpiperazin-1-yl)methanone,,6,False
